{
  "limit": 10,
  "providers": [
    {
      "name": "Viettel",
      "prefixes": [
        "086",
        "096",
        "097"
      ]
    },
    {
      "name": "Mobi",
      "prefixes": [
        "089",
        "090",
        "093"
      ]
    },
    {
      "name": "VinaPhone",
      "prefixes": [
        "088",
        "091",
        "094"
      ]
    }
  ],
  "tabooNumbers": [
    "00",
    "04",
    "17",
    "27",
    "42",
    "45",
    "57",
    "58",
    "66",
    "67",
    "69",
    "82",
    "85",
    "97",
    "98"
  ],
  "niceNumbers": [
    "19",
    "24",
    "26",
    "34",
    "37"
  ],
  "sumOfNumbers": [
    {
      "fromFirst": 24,
      "fromLast": 29
    },
    {
      "fromFirst": 24,
      "fromLast": 28
    }
  ]
}